JA3 hash;SrcIP;DstIP;OrgName;SNI;JA3S hash;Filename
1bff249589c418e6881e847dda91068a;10.0.2.15;151.101.66.202;not resolved;sdk.foursquare.com;f30c69a500705210e6c547d244ffe506;../example/output//accuweather-tlss.csv
1bff249589c418e6881e847dda91068a;10.0.2.15;151.101.66.202;not resolved;sdk.foursquare.com;f30c69a500705210e6c547d244ffe506;../example/output//accuweather-tlss.csv
d5dcde95b8fa38b5062a128f7eff0737;10.0.2.15;172.217.23.202;not resolved;fonts.googleapis.com;3589acf0c85c607d87bcab1a7e1c7ca3;../example/output//accuweather-tlss.csv
3d9a16cdc1b2a98f6046af1c833054b8;10.0.2.15;172.217.23.234;not resolved;cloudconfig.googleapis.com;9ab8f8c869ad234d4025e882270a547a;../example/output//accuweather-tlss.csv
3d9a16cdc1b2a98f6046af1c833054b8;10.0.2.15;172.217.23.234;not resolved;cloudconfig.googleapis.com;9ab8f8c869ad234d4025e882270a547a;../example/output//accuweather-tlss.csv
3d9a16cdc1b2a98f6046af1c833054b8;10.0.2.15;172.217.23.234;not resolved;cloudconfig.googleapis.com;9ab8f8c869ad234d4025e882270a547a;../example/output//accuweather-tlss.csv
3d9a16cdc1b2a98f6046af1c833054b8;10.0.2.15;172.217.23.234;not resolved;cloudconfig.googleapis.com;9ab8f8c869ad234d4025e882270a547a;../example/output//accuweather-tlss.csv
1d9c09ee8595b0a1e34ac5c212c0448a;10.0.2.15;184.51.9.204;not resolved;api.accuweather.com;7b76ba926d8e1431f720be59188fa170;../example/output//accuweather-tlss.csv
193c522402283ed9e84b8bb38137829f;10.0.2.15;184.51.9.204;not resolved;api.accuweather.com;4e3362a4d6bdc0739bcf48fe32243a69;../example/output//accuweather-tlss.csv
193c522402283ed9e84b8bb38137829f;10.0.2.15;184.51.9.204;not resolved;api.accuweather.com;0bcfa5ab48fd49e9b452fbea51bf9ff7;../example/output//accuweather-tlss.csv
193c522402283ed9e84b8bb38137829f;10.0.2.15;184.51.9.204;not resolved;api.accuweather.com;0bcfa5ab48fd49e9b452fbea51bf9ff7;../example/output//accuweather-tlss.csv
193c522402283ed9e84b8bb38137829f;10.0.2.15;184.51.9.204;not resolved;api.accuweather.com;0bcfa5ab48fd49e9b452fbea51bf9ff7;../example/output//accuweather-tlss.csv
0529055d554c9da011b745452211c296;10.0.2.15;184.51.9.204;not resolved;api.accuweather.com;4e3362a4d6bdc0739bcf48fe32243a69;../example/output//accuweather-tlss.csv
0529055d554c9da011b745452211c296;10.0.2.15;184.51.9.204;not resolved;api.accuweather.com;4e3362a4d6bdc0739bcf48fe32243a69;../example/output//accuweather-tlss.csv
0529055d554c9da011b745452211c296;10.0.2.15;184.51.9.204;not resolved;api.accuweather.com;4e3362a4d6bdc0739bcf48fe32243a69;../example/output//accuweather-tlss.csv
0529055d554c9da011b745452211c296;10.0.2.15;184.51.9.204;not resolved;api.accuweather.com;4e3362a4d6bdc0739bcf48fe32243a69;../example/output//accuweather-tlss.csv
0529055d554c9da011b745452211c296;10.0.2.15;184.51.9.204;not resolved;api.accuweather.com;4e3362a4d6bdc0739bcf48fe32243a69;../example/output//accuweather-tlss.csv
0529055d554c9da011b745452211c296;10.0.2.15;184.51.9.204;not resolved;api.accuweather.com;4e3362a4d6bdc0739bcf48fe32243a69;../example/output//accuweather-tlss.csv
0529055d554c9da011b745452211c296;10.0.2.15;184.51.9.204;not resolved;api.accuweather.com;4e3362a4d6bdc0739bcf48fe32243a69;../example/output//accuweather-tlss.csv
0529055d554c9da011b745452211c296;10.0.2.15;184.51.9.204;not resolved;api.accuweather.com;4e3362a4d6bdc0739bcf48fe32243a69;../example/output//accuweather-tlss.csv
0529055d554c9da011b745452211c296;10.0.2.15;184.51.9.204;not resolved;api.accuweather.com;4e3362a4d6bdc0739bcf48fe32243a69;../example/output//accuweather-tlss.csv
0529055d554c9da011b745452211c296;10.0.2.15;184.51.9.204;not resolved;api.accuweather.com;4e3362a4d6bdc0739bcf48fe32243a69;../example/output//accuweather-tlss.csv
0529055d554c9da011b745452211c296;10.0.2.15;184.51.9.204;not resolved;api.accuweather.com;4e3362a4d6bdc0739bcf48fe32243a69;../example/output//accuweather-tlss.csv
0529055d554c9da011b745452211c296;10.0.2.15;184.51.9.204;not resolved;api.accuweather.com;4e3362a4d6bdc0739bcf48fe32243a69;../example/output//accuweather-tlss.csv
0529055d554c9da011b745452211c296;10.0.2.15;184.51.9.204;not resolved;api.accuweather.com;4e3362a4d6bdc0739bcf48fe32243a69;../example/output//accuweather-tlss.csv
0529055d554c9da011b745452211c296;10.0.2.15;184.51.9.204;not resolved;api.accuweather.com;4e3362a4d6bdc0739bcf48fe32243a69;../example/output//accuweather-tlss.csv
193c522402283ed9e84b8bb38137829f;10.0.2.15;184.51.9.204;not resolved;api.accuweather.com;0bcfa5ab48fd49e9b452fbea51bf9ff7;../example/output//accuweather-tlss.csv
193c522402283ed9e84b8bb38137829f;10.0.2.15;184.51.9.204;not resolved;api.accuweather.com;0bcfa5ab48fd49e9b452fbea51bf9ff7;../example/output//accuweather-tlss.csv
0529055d554c9da011b745452211c296;10.0.2.15;184.51.9.204;not resolved;api.accuweather.com;4e3362a4d6bdc0739bcf48fe32243a69;../example/output//accuweather-tlss.csv
0529055d554c9da011b745452211c296;10.0.2.15;184.51.9.204;not resolved;api.accuweather.com;4e3362a4d6bdc0739bcf48fe32243a69;../example/output//accuweather-tlss.csv
0529055d554c9da011b745452211c296;10.0.2.15;184.51.9.204;not resolved;api.accuweather.com;4e3362a4d6bdc0739bcf48fe32243a69;../example/output//accuweather-tlss.csv
0529055d554c9da011b745452211c296;10.0.2.15;184.51.9.204;not resolved;api.accuweather.com;4e3362a4d6bdc0739bcf48fe32243a69;../example/output//accuweather-tlss.csv
0529055d554c9da011b745452211c296;10.0.2.15;184.51.9.204;not resolved;api.accuweather.com;4e3362a4d6bdc0739bcf48fe32243a69;../example/output//accuweather-tlss.csv
0529055d554c9da011b745452211c296;10.0.2.15;184.51.9.204;not resolved;api.accuweather.com;4e3362a4d6bdc0739bcf48fe32243a69;../example/output//accuweather-tlss.csv
0529055d554c9da011b745452211c296;10.0.2.15;184.51.9.204;not resolved;api.accuweather.com;4e3362a4d6bdc0739bcf48fe32243a69;../example/output//accuweather-tlss.csv
0529055d554c9da011b745452211c296;10.0.2.15;184.51.9.204;not resolved;api.accuweather.com;4e3362a4d6bdc0739bcf48fe32243a69;../example/output//accuweather-tlss.csv
193c522402283ed9e84b8bb38137829f;10.0.2.15;184.51.9.204;not resolved;api.accuweather.com;4e3362a4d6bdc0739bcf48fe32243a69;../example/output//accuweather-tlss.csv
ca75d9d90e40897206fa2a08d9100df0;10.0.2.15;216.58.201.106;not resolved;android.googleapis.com;3e5b81f4815a4818df9b54eb4cdc644e;../example/output//accuweather-tlss.csv
d5dcde95b8fa38b5062a128f7eff0737;10.0.2.15;216.58.201.67;not resolved;www.gstatic.com;3589acf0c85c607d87bcab1a7e1c7ca3;../example/output//accuweather-tlss.csv
d5dcde95b8fa38b5062a128f7eff0737;10.0.2.15;216.58.201.67;not resolved;www.gstatic.com;3589acf0c85c607d87bcab1a7e1c7ca3;../example/output//accuweather-tlss.csv
4e0d4a2b967fa262cd93949879d163fe;10.0.2.15;216.58.201.74;not resolved;geomobileservices-pa.googleapis.com;3e22c1e49e52f88fc45c8cbd6b8e1f37;../example/output//accuweather-tlss.csv
3d9a16cdc1b2a98f6046af1c833054b8;10.0.2.15;216.58.201.78;not resolved;android.clients.google.com;9ab8f8c869ad234d4025e882270a547a;../example/output//accuweather-tlss.csv
193c522402283ed9e84b8bb38137829f;10.0.2.15;216.58.201.78;not resolved;app-measurement.com;182b31efa088c7665b13d7d04d80fef0;../example/output//accuweather-tlss.csv
193c522402283ed9e84b8bb38137829f;10.0.2.15;23.38.81.66;not resolved;vortex.accuweather.com;4e3362a4d6bdc0739bcf48fe32243a69;../example/output//accuweather-tlss.csv
193c522402283ed9e84b8bb38137829f;10.0.2.15;52.3.95.246;not resolved;cms.accuweather.com;70745099b394fe3f42264227c098cc98;../example/output//accuweather-tlss.csv
193c522402283ed9e84b8bb38137829f;10.0.2.15;99.86.243.62;not resolved;accuweather.brightspotcdn.com;b63e0ce737c366a59bca6a201d4851ef;../example/output//accuweather-tlss.csv
0529055d554c9da011b745452211c296;10.0.2.15;99.86.244.43;not resolved;api.mapbox.com;0dd6cbec8e8bbaa06efa39ff853972dd;../example/output//accuweather-tlss.csv
