104.127.61.74;not resolved;sb.scorecardresearch.com;AD
104.127.61.90;not resolved;sb.voicefive.com;AD
13.32.113.223;not resolved;api.mapbox.com;
13.32.99.104;not resolved;content.cdn.viber.com;
13.32.99.117;not resolved;content.cdn.viber.com;
13.32.99.134;not resolved;accuweather.brightspotcdn.com;
13.32.99.165;not resolved;content.cdn.viber.com;
13.32.99.17;not resolved;accuweather.brightspotcdn.com;
13.32.99.174;not resolved;content.cdn.viber.com;
13.32.99.21;not resolved;accuweather.brightspotcdn.com;
13.32.99.246;not resolved;accuweather.brightspotcdn.com;
151.101.112.233;not resolved;venetia.iad.appboy.com;AD
151.101.130.110;not resolved;mobile-collector.newrelic.com;AD
151.101.130.133;not resolved;config2.mparticle.com;AD
151.101.130.202;not resolved;sdk.foursquare.com;
151.101.194.110;not resolved;mobile-collector.newrelic.com;AD
151.101.194.133;not resolved;config2.mparticle.com;AD
151.101.194.202;not resolved;sdk.foursquare.com;
151.101.2.110;not resolved;mobile-collector.newrelic.com;AD
151.101.2.133;not resolved;config2.mparticle.com;AD
151.101.2.202;not resolved;sdk.foursquare.com;
151.101.66.110;not resolved;mobile-collector.newrelic.com;AD
151.101.66.133;not resolved;config2.mparticle.com;AD
151.101.66.202;not resolved;sdk.foursquare.com;
172.217.23.194;not resolved;pubads.g.doubleclick.net;AD
172.217.23.202;not resolved;fonts.googleapis.com;
172.217.23.206;not resolved;android.clients.google.com;
172.217.23.234;not resolved;geomobileservices-pa.googleapis.com;
172.217.23.238;not resolved;android.clients.google.com;
184.51.9.204;not resolved;api.accuweather.com;
185.151.204.11;not resolved;app.adjust.com;AD
185.151.204.13;not resolved;app.adjust.com;AD
185.151.204.7;not resolved;app.adjust.com;AD
185.151.204.8;not resolved;app.adjust.com;AD
212.82.100.172;not resolved;ads.yahoo.com;AD
212.82.100.180;not resolved;ads.yahoo.com;AD
216.58.201.110;not resolved;android.clients.google.com;
216.58.201.66;not resolved;cm.g.doubleclick.net;AD
216.58.201.67;not resolved;www.gstatic.com;
216.58.201.70;not resolved;s0.2mdn.net;AD
216.58.201.72;not resolved;ssl.google-analytics.com;AD
216.58.201.74;not resolved;android.googleapis.com;
216.58.201.78;not resolved;android.clients.google.com;
216.58.201.97;not resolved;tpc.googlesyndication.com;AD
216.58.201.98;not resolved;googleads.g.doubleclick.net;AD
23.38.81.66;not resolved;vortex.accuweather.com;
2600:1f18:64e7:c303:9834:f4a6:b9e6:9a2b;not resolved;nativesdks.mparticle.com;AD
2600:1f18:64e7:c303:9d97:ba03:cb57:fac1;not resolved;nativesdks.mparticle.com;AD
2600:1f18:64e7:c304:2731:4842:e38f:6741;not resolved;nativesdks.mparticle.com;AD
2600:1f18:64e7:c304:415d:69df:7704:40fe;not resolved;nativesdks.mparticle.com;AD
2600:1f18:64e7:c304:6792:4dad:34ad:659;not resolved;nativesdks.mparticle.com;AD
2600:1f18:64e7:c304:759:5f1f:b42:36d5;not resolved;nativesdks.mparticle.com;AD
2600:1f18:64e7:c304:ef88:8b32:2cb0:ec8c;not resolved;nativesdks.mparticle.com;AD
2600:1f18:64e7:c305:29d4:def9:5f68:8c3d;not resolved;nativesdks.mparticle.com;AD
2a00:1288:110:c305::9000;not resolved;ads.yahoo.com;AD
2a00:1288:110:c305::a000;not resolved;ads.yahoo.com;AD
2a00:1450:4014:800::2003;not resolved;www.gstatic.com;
2a00:1450:4014:800::2006;not resolved;s0.2mdn.net;AD
2a00:1450:4014:800::200a;not resolved;android.googleapis.com;
2a00:1450:4014:800::200e;not resolved;sb-ssl.google.com;
2a00:1450:4014:801::2001;not resolved;tpc.googlesyndication.com;AD
2a00:1450:4014:801::2002;not resolved;googleads.g.doubleclick.net;AD
2a00:1450:4014:801::200a;not resolved;geomobileservices-pa.googleapis.com;
2a00:1450:4014:80c::2008;not resolved;ssl.google-analytics.com;AD
2a00:1450:4014:80c::200a;not resolved;fonts.googleapis.com;
2a00:1450:4014:80d::200a;not resolved;android.googleapis.com;
2a04:4e42:200::645;not resolved;config2.mparticle.com;AD
2a04:4e42:400::645;not resolved;config2.mparticle.com;AD
2a04:4e42:600::645;not resolved;config2.mparticle.com;AD
2a04:4e42::645;not resolved;config2.mparticle.com;AD
3.209.150.155;not resolved;nativesdks.mparticle.com;AD
3.221.148.167;not resolved;nativesdks.mparticle.com;AD
34.192.74.189;not resolved;nativesdks.mparticle.com;AD
34.194.108.44;not resolved;cms.accuweather.com;
34.200.8.183;not resolved;nativesdks.mparticle.com;AD
34.225.140.34;not resolved;nativesdks.mparticle.com;AD
34.234.80.244;not resolved;nativesdks.mparticle.com;AD
34.250.197.201;not resolved;t.appsflyer.com;AD
34.251.106.16;not resolved;t.appsflyer.com;AD
35.172.148.46;not resolved;nativesdks.mparticle.com;AD
35.172.76.154;not resolved;nativesdks.mparticle.com;AD
35.190.53.75;not resolved;combine.urbanairship.com;AD
35.244.184.98;not resolved;device-api.urbanairship.com;AD
37.252.172.249;not resolved;ib.adnxs.com;AD
37.252.172.250;not resolved;ib.adnxs.com;AD
37.252.173.22;not resolved;ib.adnxs.com;AD
37.252.173.27;not resolved;ib.adnxs.com;AD
37.252.173.38;not resolved;ib.adnxs.com;AD
37.252.173.62;not resolved;ib.adnxs.com;AD
52.17.153.26;not resolved;t.appsflyer.com;AD
52.17.203.137;not resolved;t.appsflyer.com;AD
52.18.114.7;not resolved;t.appsflyer.com;AD
52.19.120.19;not resolved;t.appsflyer.com;AD
52.212.57.110;not resolved;events.appsflyer.com;AD
52.213.60.70;not resolved;events.appsflyer.com;AD
52.214.227.172;not resolved;t.appsflyer.com;AD
52.3.95.246;not resolved;cms.accuweather.com;
52.30.49.50;not resolved;events.appsflyer.com;AD
52.31.168.118;not resolved;events.appsflyer.com;AD
52.48.254.152;not resolved;t.appsflyer.com;AD
52.51.135.116;not resolved;events.appsflyer.com;AD
52.94.216.48;not resolved;aax-eu.amazon-adsystem.com;AD
52.94.232.0;not resolved;mads.amazon-adsystem.com;AD
54.154.229.245;not resolved;events.appsflyer.com;AD
54.171.20.35;not resolved;events.appsflyer.com;AD
54.72.177.155;not resolved;events.appsflyer.com;AD
